global_step,step_loss,wandb_step,job_id,run_id,job_order,role,token_exposure
10,7.780694007873535,,4523773,tzcobly9,0,primary,16640000.0
130,6.729353427886963,,4523773,tzcobly9,0,primary,216320000.0
240,5.3396430015563965,,4523773,tzcobly9,0,primary,399360000.0
360,4.4015350341796875,,4523773,tzcobly9,0,primary,599040000.0
480,3.8183975219726562,,4523773,tzcobly9,0,primary,798720000.0
600,3.487004041671753,,4523773,tzcobly9,0,primary,998400000.0
710,3.174640655517578,,4523773,tzcobly9,0,primary,1181440000.0
820,2.9126832485198975,,4523773,tzcobly9,0,primary,1364480000.0
940,2.7888541221618652,,4523773,tzcobly9,0,primary,1564160000.0
1060,2.5957937240600586,,4523773,tzcobly9,0,primary,1763840000.0
1170,2.5418155193328857,,4523773,tzcobly9,0,primary,1946880000.0
1290,2.4567692279815674,,4523773,tzcobly9,0,primary,2146560000.0
1410,2.3185527324676514,,4523773,tzcobly9,0,primary,2346240000.0
1530,2.1106388568878174,,4523773,tzcobly9,0,primary,2545920000.0
1650,1.9439033269882202,,4523773,tzcobly9,0,primary,2745600000.0
1760,1.8529701232910156,,4523773,tzcobly9,0,primary,2928640000.0
1870,1.745095133781433,,4523773,tzcobly9,0,primary,3111680000.0
1900,1.7095638513565063,,4523773,tzcobly9,0,primary,3161600000.0
2020,1.6588497161865234,,4523773,tzcobly9,0,primary,3361280000.0
2130,1.49274480342865,,4523773,tzcobly9,0,primary,3544320000.0
2240,1.4468039274215698,,4523773,tzcobly9,0,primary,3727360000.0
2350,1.4354195594787598,,4523773,tzcobly9,0,primary,3910400000.0
2460,1.4639047384262085,,4523773,tzcobly9,0,primary,4093440000.0
2580,1.3327611684799194,,4523773,tzcobly9,0,primary,4293120000.0
2690,1.199300765991211,,4523773,tzcobly9,0,primary,4476160000.0
2800,1.1653153896331787,,4523773,tzcobly9,0,primary,4659200000.0
2910,1.0718789100646973,,4523773,tzcobly9,0,primary,4842240000.0
3020,1.0585800409317017,,4523773,tzcobly9,0,primary,5025280000.0
3130,1.0126011371612549,,4523773,tzcobly9,0,primary,5208320000.0
3240,0.9707350730895996,,4523773,tzcobly9,0,primary,5391360000.0
3350,0.9788259863853455,,4523773,tzcobly9,0,primary,5574400000.0
3460,0.9494323134422302,,4523773,tzcobly9,0,primary,5757440000.0
3540,0.8721944689750671,,4523773,tzcobly9,0,primary,5890560000.0
3660,0.8916847109794617,,4523773,tzcobly9,0,primary,6090240000.0
3780,0.9468065500259399,,4523773,tzcobly9,0,primary,6289920000.0
3890,0.8649955987930298,,4523773,tzcobly9,0,primary,6472960000.0
4000,0.8884789347648621,,4523773,tzcobly9,0,primary,6656000000.0
4110,0.8535494208335876,,4523773,tzcobly9,0,primary,6839040000.0
4220,0.8280643820762634,,4523773,tzcobly9,0,primary,7022080000.0
4330,0.9044069647789001,,4523773,tzcobly9,0,primary,7205120000.0
4440,0.8613194823265076,,4523773,tzcobly9,0,primary,7388160000.0
4550,0.803543746471405,,4523773,tzcobly9,0,primary,7571200000.0
4660,0.84333735704422,,4523773,tzcobly9,0,primary,7754240000.0
4770,0.8375189900398254,,4523773,tzcobly9,0,primary,7937280000.0
4880,0.7621199488639832,,4523773,tzcobly9,0,primary,8120320000.0
4990,0.7690799236297607,,4523773,tzcobly9,0,primary,8303360000.0
5100,0.7992789149284363,,4523773,tzcobly9,0,primary,8486400000.0
5190,0.7901688814163208,,4523773,tzcobly9,0,primary,8636160000.0
5310,0.8259355425834656,,4523773,tzcobly9,0,primary,8835840000.0
5420,0.7389441728591919,,4523773,tzcobly9,0,primary,9018880000.0
5540,0.7301624417304993,,4523773,tzcobly9,0,primary,9218560000.0
5650,0.7668671011924744,,4523773,tzcobly9,0,primary,9401600000.0
5760,0.7574847340583801,,4523773,tzcobly9,0,primary,9584640000.0
5870,0.7172185182571411,,4523773,tzcobly9,0,primary,9767680000.0
5980,0.7377929091453552,,4523773,tzcobly9,0,primary,9950720000.0
6090,0.7507854104042053,,4523773,tzcobly9,0,primary,10133760000.0
6200,0.6864657998085022,,4523773,tzcobly9,0,primary,10316800000.0
6310,0.752051830291748,,4523773,tzcobly9,0,primary,10499840000.0
6420,0.713560163974762,,4523773,tzcobly9,0,primary,10682880000.0
6530,0.7386468052864075,,4523773,tzcobly9,0,primary,10865920000.0
6650,0.714232325553894,,4523773,tzcobly9,0,primary,11065600000.0
6760,0.7233693599700928,,4523773,tzcobly9,0,primary,11248640000.0
6840,0.7735039591789246,,4523773,tzcobly9,0,primary,11381760000.0
6960,0.669593095779419,,4523773,tzcobly9,0,primary,11581440000.0
7070,0.744613528251648,,4523773,tzcobly9,0,primary,11764480000.0
7190,0.732720136642456,,4523773,tzcobly9,0,primary,11964160000.0
7310,0.7300431132316589,,4523773,tzcobly9,0,primary,12163840000.0
7430,0.7136460542678833,,4523773,tzcobly9,0,primary,12363520000.0
7540,0.6785441637039185,,4523773,tzcobly9,0,primary,12546560000.0
7660,0.6718493103981018,,4523773,tzcobly9,0,primary,12746240000.0
7770,0.697625994682312,,4523773,tzcobly9,0,primary,12929280000.0
7880,0.7331206202507019,,4523773,tzcobly9,0,primary,13112320000.0
7990,0.669396162033081,,4523773,tzcobly9,0,primary,13295360000.0
8100,0.6790074706077576,,4523773,tzcobly9,0,primary,13478400000.0
8210,0.6941296458244324,,4523773,tzcobly9,0,primary,13661440000.0
8320,0.7143811583518982,,4523773,tzcobly9,0,primary,13844480000.0
8430,0.6370508670806885,,4523773,tzcobly9,0,primary,14027520000.0
8490,0.720661461353302,,4523773,tzcobly9,0,primary,14127360000.0
8610,0.6688908338546753,,4523773,tzcobly9,0,primary,14327040000.0
8730,0.7115331888198853,,4523773,tzcobly9,0,primary,14526720000.0
8850,0.6932216882705688,,4523773,tzcobly9,0,primary,14726400000.0
8960,0.6708248853683472,,4523773,tzcobly9,0,primary,14909440000.0
9070,0.6492288708686829,,4523773,tzcobly9,0,primary,15092480000.0
9190,0.6724030375480652,,4523773,tzcobly9,0,primary,15292160000.0
9300,0.6550732254981995,,4523773,tzcobly9,0,primary,15475200000.0
9410,0.6437869071960449,,4523773,tzcobly9,0,primary,15658240000.0
9520,0.6268701553344727,,4523773,tzcobly9,0,primary,15841280000.0
9630,0.6813594698905945,,4523773,tzcobly9,0,primary,16024320000.0
9740,0.6590419411659241,,4523773,tzcobly9,0,primary,16207360000.0
9850,0.6083125472068787,,4523773,tzcobly9,0,primary,16390400000.0
9960,0.655483603477478,,4523773,tzcobly9,0,primary,16573440000.0
10070,0.6168448328971863,,4523773,tzcobly9,0,primary,16756480000.0
10140,0.6237724423408508,,4523773,tzcobly9,0,primary,16872960000.0
10250,0.6539592742919922,,4523773,tzcobly9,0,primary,17056000000.0
10360,0.6403157114982605,,4523773,tzcobly9,0,primary,17239040000.0
10470,0.6435590386390686,,4523773,tzcobly9,0,primary,17422080000.0
10580,0.6265120506286621,,4523773,tzcobly9,0,primary,17605120000.0
10690,0.6604606509208679,,4523773,tzcobly9,0,primary,17788160000.0
10800,0.6824426651000977,,4523773,tzcobly9,0,primary,17971200000.0
10910,0.609366774559021,,4523773,tzcobly9,0,primary,18154240000.0
11020,0.6289731860160828,,4523773,tzcobly9,0,primary,18337280000.0
11130,0.6568018198013306,,4523773,tzcobly9,0,primary,18520320000.0
11240,0.6794500946998596,,4523773,tzcobly9,0,primary,18703360000.0
11350,0.6461889743804932,,4523773,tzcobly9,0,primary,18886400000.0
11460,0.6404643058776855,,4523773,tzcobly9,0,primary,19069440000.0
11570,0.599256157875061,,4523773,tzcobly9,0,primary,19252480000.0
11680,0.5810192823410034,,4523773,tzcobly9,0,primary,19435520000.0
11790,0.6815807223320007,,4523773,tzcobly9,0,primary,19618560000.0
11900,0.6639569401741028,,4523773,tzcobly9,0,primary,19801600000.0
12010,0.6103093028068542,,4523773,tzcobly9,0,primary,19984640000.0
12120,0.6392922401428223,,4523773,tzcobly9,0,primary,20167680000.0
12230,0.5934225916862488,,4523773,tzcobly9,0,primary,20350720000.0
12340,0.6174573302268982,,4523773,tzcobly9,0,primary,20533760000.0
12450,0.5978128910064697,,4523773,tzcobly9,0,primary,20716800000.0
12560,0.6348926424980164,,4523773,tzcobly9,0,primary,20899840000.0
12670,0.6412997245788574,,4523773,tzcobly9,0,primary,21082880000.0
12780,0.6545514464378357,,4523773,tzcobly9,0,primary,21265920000.0
12890,0.5690175890922546,,4523773,tzcobly9,0,primary,21448960000.0
13000,0.6010158061981201,,4523773,tzcobly9,0,primary,21632000000.0
13110,0.6116827130317688,,4523773,tzcobly9,0,primary,21815040000.0
13220,0.6321122646331787,,4523773,tzcobly9,0,primary,21998080000.0
13340,0.6123289465904236,,4523773,tzcobly9,0,primary,22197760000.0
13430,0.5718380808830261,,4523773,tzcobly9,0,primary,22347520000.0
13550,0.6426625847816467,,4523773,tzcobly9,0,primary,22547200000.0
13660,0.6492995619773865,,4523773,tzcobly9,0,primary,22730240000.0
13770,0.6084371209144592,,4523773,tzcobly9,0,primary,22913280000.0
13880,0.6138383746147156,,4523773,tzcobly9,0,primary,23096320000.0
13990,0.6036974191665649,,4523773,tzcobly9,0,primary,23279360000.0
14100,0.5937414169311523,,4523773,tzcobly9,0,primary,23462400000.0
14210,0.6145917177200317,,4523773,tzcobly9,0,primary,23645440000.0
14320,0.6056526303291321,,4523773,tzcobly9,0,primary,23828480000.0
14430,0.5949913859367371,,4523773,tzcobly9,0,primary,24011520000.0
14540,0.6253777742385864,,4523773,tzcobly9,0,primary,24194560000.0
14650,0.6094368100166321,,4523773,tzcobly9,0,primary,24377600000.0
14760,0.6215366721153259,,4523773,tzcobly9,0,primary,24560640000.0
14870,0.6405863761901855,,4523773,tzcobly9,0,primary,24743680000.0
14980,0.5905792117118835,,4523773,tzcobly9,0,primary,24926720000.0
15070,0.6246483325958252,,4523773,tzcobly9,0,primary,25076480000.0
15180,0.623807966709137,,4523773,tzcobly9,0,primary,25259520000.0
15290,0.6279012560844421,,4523773,tzcobly9,0,primary,25442560000.0
15400,0.5806790590286255,,4523773,tzcobly9,0,primary,25625600000.0
15510,0.5810508131980896,,4523773,tzcobly9,0,primary,25808640000.0
15620,0.6001805663108826,,4523773,tzcobly9,0,primary,25991680000.0
15730,0.6271244883537292,,4523773,tzcobly9,0,primary,26174720000.0
15840,0.6239270567893982,,4523773,tzcobly9,0,primary,26357760000.0
15950,0.5929478406906128,,4523773,tzcobly9,0,primary,26540800000.0
16060,0.6791900992393494,,4523773,tzcobly9,0,primary,26723840000.0
16170,0.5792781710624695,,4523773,tzcobly9,0,primary,26906880000.0
16280,0.6064426898956299,,4523773,tzcobly9,0,primary,27089920000.0
16390,0.573053777217865,,4523773,tzcobly9,0,primary,27272960000.0
16500,0.5557214021682739,,4523773,tzcobly9,0,primary,27456000000.0
16610,0.6638369560241699,,4523773,tzcobly9,0,primary,27639040000.0
15080,0.5786944627761841,,4532053,4kybwa4a,1,primary,25093120000.0
15190,0.640343189239502,,4532053,4kybwa4a,1,primary,25276160000.0
15300,0.5909255743026733,,4532053,4kybwa4a,1,primary,25459200000.0
15410,0.5930287837982178,,4532053,4kybwa4a,1,primary,25642240000.0
15490,0.6003677248954773,,4532053,4kybwa4a,1,primary,25775360000.0
15600,0.62991863489151,,4532053,4kybwa4a,1,primary,25958400000.0
15710,0.6060883402824402,,4532053,4kybwa4a,1,primary,26141440000.0
15820,0.6022095084190369,,4532053,4kybwa4a,1,primary,26324480000.0
15930,0.6380210518836975,,4532053,4kybwa4a,1,primary,26507520000.0
16040,0.6031743288040161,,4532053,4kybwa4a,1,primary,26690560000.0
16150,0.5746929049491882,,4532053,4kybwa4a,1,primary,26873600000.0
16260,0.5613914132118225,,4532053,4kybwa4a,1,primary,27056640000.0
16370,0.5857473015785217,,4532053,4kybwa4a,1,primary,27239680000.0
16480,0.6288207769393921,,4532053,4kybwa4a,1,primary,27422720000.0
16590,0.6032224893569946,,4532053,4kybwa4a,1,primary,27605760000.0
16700,0.5979664325714111,,4532053,4kybwa4a,1,primary,27788800000.0
16810,0.6334648728370667,,4532053,4kybwa4a,1,primary,27971840000.0
16920,0.5854872465133667,,4532053,4kybwa4a,1,primary,28154880000.0
17030,0.5978874564170837,,4532053,4kybwa4a,1,primary,28337920000.0
17130,0.5679663419723511,,4532053,4kybwa4a,1,primary,28504320000.0
17240,0.6348352432250977,,4532053,4kybwa4a,1,primary,28687360000.0
17350,0.6078724265098572,,4532053,4kybwa4a,1,primary,28870400000.0
17460,0.5955323576927185,,4532053,4kybwa4a,1,primary,29053440000.0
17570,0.6430739760398865,,4532053,4kybwa4a,1,primary,29236480000.0
17680,0.5965696573257446,,4532053,4kybwa4a,1,primary,29419520000.0
17790,0.6616345047950745,,4532053,4kybwa4a,1,primary,29602560000.0
17900,0.6011561155319214,,4532053,4kybwa4a,1,primary,29785600000.0
18010,0.6068523526191711,,4532053,4kybwa4a,1,primary,29968640000.0
18120,0.5718428492546082,,4532053,4kybwa4a,1,primary,30151680000.0
18230,0.5641859173774719,,4532053,4kybwa4a,1,primary,30334720000.0
18340,0.5589879155158997,,4532053,4kybwa4a,1,primary,30517760000.0
18450,0.6244463920593262,,4532053,4kybwa4a,1,primary,30700800000.0
18560,0.5376863479614258,,4532053,4kybwa4a,1,primary,30883840000.0
18670,0.5979308485984802,,4532053,4kybwa4a,1,primary,31066880000.0
18760,0.5826469659805298,,4532053,4kybwa4a,1,primary,31216640000.0
18870,0.5918059945106506,,4532053,4kybwa4a,1,primary,31399680000.0
18980,0.5958053469657898,,4532053,4kybwa4a,1,primary,31582720000.0
19090,0.5954784750938416,,4532053,4kybwa4a,1,primary,31765760000.0
19200,0.607905924320221,,4532053,4kybwa4a,1,primary,31948800000.0
19310,0.5904144048690796,,4532053,4kybwa4a,1,primary,32131840000.0
19420,0.6195428371429443,,4532053,4kybwa4a,1,primary,32314880000.0
19530,0.5642443895339966,,4532053,4kybwa4a,1,primary,32497920000.0
19640,0.6319283843040466,,4532053,4kybwa4a,1,primary,32680960000.0
19750,0.5728217959403992,,4532053,4kybwa4a,1,primary,32864000000.0
19860,0.6096268892288208,,4532053,4kybwa4a,1,primary,33047040000.0
19970,0.6077163219451904,,4532053,4kybwa4a,1,primary,33230080000.0
20080,0.6042810082435608,,4532053,4kybwa4a,1,primary,33413120000.0
20190,0.6056305766105652,,4532053,4kybwa4a,1,primary,33596160000.0
20300,0.6132358908653259,,4532053,4kybwa4a,1,primary,33779200000.0
20380,0.5715701580047607,,4532053,4kybwa4a,1,primary,33912320000.0
20490,0.5604220628738403,,4532053,4kybwa4a,1,primary,34095360000.0
20600,0.5756391882896423,,4532053,4kybwa4a,1,primary,34278400000.0
20710,0.6077396869659424,,4532053,4kybwa4a,1,primary,34461440000.0
20820,0.5695415139198303,,4532053,4kybwa4a,1,primary,34644480000.0
20930,0.6199654936790466,,4532053,4kybwa4a,1,primary,34827520000.0
21040,0.6092702746391296,,4532053,4kybwa4a,1,primary,35010560000.0
21150,0.605299174785614,,4532053,4kybwa4a,1,primary,35193600000.0
21260,0.6031753420829773,,4532053,4kybwa4a,1,primary,35376640000.0
21370,0.5679007172584534,,4532053,4kybwa4a,1,primary,35559680000.0
21480,0.5705695152282715,,4532053,4kybwa4a,1,primary,35742720000.0
21590,0.5714114904403687,,4532053,4kybwa4a,1,primary,35925760000.0
21700,0.6121202707290649,,4532053,4kybwa4a,1,primary,36108800000.0
21810,0.6104792356491089,,4532053,4kybwa4a,1,primary,36291840000.0
21920,0.5458878874778748,,4532053,4kybwa4a,1,primary,36474880000.0
22000,0.5967230200767517,,4532053,4kybwa4a,1,primary,36608000000.0
22110,0.5976856350898743,,4532053,4kybwa4a,1,primary,36791040000.0
22220,0.6288134455680847,,4532053,4kybwa4a,1,primary,36974080000.0
22330,0.5824247002601624,,4532053,4kybwa4a,1,primary,37157120000.0
22440,0.5801395773887634,,4532053,4kybwa4a,1,primary,37340160000.0
22550,0.633872389793396,,4532053,4kybwa4a,1,primary,37523200000.0
22660,0.5903364419937134,,4532053,4kybwa4a,1,primary,37706240000.0
22770,0.6030600070953369,,4532053,4kybwa4a,1,primary,37889280000.0
22880,0.5714990496635437,,4532053,4kybwa4a,1,primary,38072320000.0
22990,0.5849131941795349,,4532053,4kybwa4a,1,primary,38255360000.0
23100,0.6327673196792603,,4532053,4kybwa4a,1,primary,38438400000.0
23210,0.6492294669151306,,4532053,4kybwa4a,1,primary,38621440000.0
23320,0.619519829750061,,4532053,4kybwa4a,1,primary,38804480000.0
23430,0.6083324551582336,,4532053,4kybwa4a,1,primary,38987520000.0
23540,0.591729462146759,,4532053,4kybwa4a,1,primary,39170560000.0
23630,0.561083972454071,,4532053,4kybwa4a,1,primary,39320320000.0
23740,0.6196020841598511,,4532053,4kybwa4a,1,primary,39503360000.0
23850,0.569709062576294,,4532053,4kybwa4a,1,primary,39686400000.0
23960,0.6100805401802063,,4532053,4kybwa4a,1,primary,39869440000.0
24070,0.5481893420219421,,4532053,4kybwa4a,1,primary,40052480000.0
24180,0.5929995775222778,,4532053,4kybwa4a,1,primary,40235520000.0
24290,0.5827266573905945,,4532053,4kybwa4a,1,primary,40418560000.0
24400,0.6114199757575989,,4532053,4kybwa4a,1,primary,40601600000.0
24510,0.5682245492935181,,4532053,4kybwa4a,1,primary,40784640000.0
24620,0.617394745349884,,4532053,4kybwa4a,1,primary,40967680000.0
24730,0.5991591811180115,,4532053,4kybwa4a,1,primary,41150720000.0
24840,0.5598181486129761,,4532053,4kybwa4a,1,primary,41333760000.0
24950,0.6041947603225708,,4532053,4kybwa4a,1,primary,41516800000.0
25060,0.6018825173377991,,4532053,4kybwa4a,1,primary,41699840000.0
25170,0.6345159411430359,,4532053,4kybwa4a,1,primary,41882880000.0
25260,0.5868921875953674,,4532053,4kybwa4a,1,primary,42032640000.0
25370,0.6120346188545227,,4532053,4kybwa4a,1,primary,42215680000.0
25480,0.5475645661354065,,4532053,4kybwa4a,1,primary,42398720000.0
25590,0.5730780959129333,,4532053,4kybwa4a,1,primary,42581760000.0
25700,0.6023418307304382,,4532053,4kybwa4a,1,primary,42764800000.0
25810,0.5614317059516907,,4532053,4kybwa4a,1,primary,42947840000.0
25920,0.589455246925354,,4532053,4kybwa4a,1,primary,43130880000.0
26030,0.601050078868866,,4532053,4kybwa4a,1,primary,43313920000.0
26140,0.5576754808425903,,4532053,4kybwa4a,1,primary,43496960000.0
26250,0.602838397026062,,4532053,4kybwa4a,1,primary,43680000000.0
26360,0.6129713654518127,,4532053,4kybwa4a,1,primary,43863040000.0
26470,0.5757765173912048,,4532053,4kybwa4a,1,primary,44046080000.0
26580,0.5617656111717224,,4532053,4kybwa4a,1,primary,44229120000.0
26690,0.5482918620109558,,4532053,4kybwa4a,1,primary,44412160000.0
26800,0.5595700144767761,,4532053,4kybwa4a,1,primary,44595200000.0
26880,0.6085926294326782,,4532053,4kybwa4a,1,primary,44728320000.0
26990,0.5787911415100098,,4532053,4kybwa4a,1,primary,44911360000.0
27100,0.5546678900718689,,4532053,4kybwa4a,1,primary,45094400000.0
27210,0.5984603762626648,,4532053,4kybwa4a,1,primary,45277440000.0
27320,0.5950738787651062,,4532053,4kybwa4a,1,primary,45460480000.0
27430,0.5909738540649414,,4532053,4kybwa4a,1,primary,45643520000.0
27540,0.556477963924408,,4532053,4kybwa4a,1,primary,45826560000.0
27650,0.5575605630874634,,4532053,4kybwa4a,1,primary,46009600000.0
27760,0.5699706077575684,,4532053,4kybwa4a,1,primary,46192640000.0
27870,0.5979992151260376,,4532053,4kybwa4a,1,primary,46375680000.0
27980,0.5487563014030457,,4532053,4kybwa4a,1,primary,46558720000.0
28090,0.5840116739273071,,4532053,4kybwa4a,1,primary,46741760000.0
28200,0.5787381529808044,,4532053,4kybwa4a,1,primary,46924800000.0
28310,0.5305506587028503,,4532053,4kybwa4a,1,primary,47107840000.0
28420,0.6026670336723328,,4532053,4kybwa4a,1,primary,47290880000.0
28500,0.6028167009353638,,4532053,4kybwa4a,1,primary,47424000000.0
28610,0.5736589431762695,,4532053,4kybwa4a,1,primary,47607040000.0
28720,0.584190309047699,,4532053,4kybwa4a,1,primary,47790080000.0
28830,0.5633562803268433,,4532053,4kybwa4a,1,primary,47973120000.0
28940,0.5387665629386902,,4532053,4kybwa4a,1,primary,48156160000.0
29050,0.575549304485321,,4532053,4kybwa4a,1,primary,48339200000.0
29160,0.5822141170501709,,4532053,4kybwa4a,1,primary,48522240000.0
29270,0.5741217136383057,,4532053,4kybwa4a,1,primary,48705280000.0
29380,0.5688928365707397,,4532053,4kybwa4a,1,primary,48888320000.0
29490,0.5711264610290527,,4532053,4kybwa4a,1,primary,49071360000.0
29600,0.6090025901794434,,4532053,4kybwa4a,1,primary,49254400000.0
29710,0.5350301265716553,,4532053,4kybwa4a,1,primary,49437440000.0
29820,0.5864059329032898,,4532053,4kybwa4a,1,primary,49620480000.0
29930,0.5792974829673767,,4532053,4kybwa4a,1,primary,49803520000.0
30040,0.6144700050354004,,4532053,4kybwa4a,1,primary,49986560000.0
30120,0.5640350580215454,,4532053,4kybwa4a,1,primary,50119680000.0
30230,0.5740304589271545,,4532053,4kybwa4a,1,primary,50302720000.0
30340,0.5636431574821472,,4532053,4kybwa4a,1,primary,50485760000.0
30450,0.6032083034515381,,4532053,4kybwa4a,1,primary,50668800000.0
30560,0.6029893159866333,,4532053,4kybwa4a,1,primary,50851840000.0
30670,0.5705581903457642,,4532053,4kybwa4a,1,primary,51034880000.0
30780,0.6204780340194702,,4532053,4kybwa4a,1,primary,51217920000.0
30890,0.5466289520263672,,4532053,4kybwa4a,1,primary,51400960000.0
31000,0.5615964531898499,,4532053,4kybwa4a,1,primary,51584000000.0
31110,0.5461222529411316,,4532053,4kybwa4a,1,primary,51767040000.0
31220,0.5780808329582214,,4532053,4kybwa4a,1,primary,51950080000.0
31330,0.6051487326622009,,4532053,4kybwa4a,1,primary,52133120000.0
31440,0.5828697085380554,,4532053,4kybwa4a,1,primary,52316160000.0
31550,0.574006199836731,,4532053,4kybwa4a,1,primary,52499200000.0
31660,0.5518262982368469,,4532053,4kybwa4a,1,primary,52682240000.0
31740,0.5749801993370056,,4532053,4kybwa4a,1,primary,52815360000.0
31850,0.5938369035720825,,4532053,4kybwa4a,1,primary,52998400000.0
31960,0.5592707395553589,,4532053,4kybwa4a,1,primary,53181440000.0
32070,0.5466579794883728,,4532053,4kybwa4a,1,primary,53364480000.0
32180,0.6066134572029114,,4532053,4kybwa4a,1,primary,53547520000.0
32290,0.5555124282836914,,4532053,4kybwa4a,1,primary,53730560000.0
32400,0.5803000330924988,,4532053,4kybwa4a,1,primary,53913600000.0
32510,0.5646058917045593,,4532053,4kybwa4a,1,primary,54096640000.0
32620,0.5217664837837219,,4532053,4kybwa4a,1,primary,54279680000.0
32730,0.5790201425552368,,4532053,4kybwa4a,1,primary,54462720000.0
32840,0.5734021067619324,,4532053,4kybwa4a,1,primary,54645760000.0
32950,0.5887525677680969,,4532053,4kybwa4a,1,primary,54828800000.0
33060,0.5626618266105652,,4532053,4kybwa4a,1,primary,55011840000.0
33170,0.5816907286643982,,4532053,4kybwa4a,1,primary,55194880000.0
33280,0.5233572125434875,,4532053,4kybwa4a,1,primary,55377920000.0
33360,0.5653778910636902,,4532053,4kybwa4a,1,primary,55511040000.0
33470,0.5452125668525696,,4532053,4kybwa4a,1,primary,55694080000.0
33580,0.5222189426422119,,4532053,4kybwa4a,1,primary,55877120000.0
33690,0.5730554461479187,,4532053,4kybwa4a,1,primary,56060160000.0
33800,0.5448117852210999,,4532053,4kybwa4a,1,primary,56243200000.0
33910,0.5539636015892029,,4532053,4kybwa4a,1,primary,56426240000.0
34020,0.5658606886863708,,4532053,4kybwa4a,1,primary,56609280000.0
34130,0.5975310206413269,,4532053,4kybwa4a,1,primary,56792320000.0
34240,0.5464590191841125,,4532053,4kybwa4a,1,primary,56975360000.0
34350,0.5772764086723328,,4532053,4kybwa4a,1,primary,57158400000.0
34460,0.5567985773086548,,4532053,4kybwa4a,1,primary,57341440000.0
34570,0.5522487759590149,,4532053,4kybwa4a,1,primary,57524480000.0
34680,0.5564410090446472,,4532053,4kybwa4a,1,primary,57707520000.0
34790,0.5659704208374023,,4532053,4kybwa4a,1,primary,57890560000.0
34900,0.5788335204124451,,4532053,4kybwa4a,1,primary,58073600000.0
34980,0.5855801105499268,,4532053,4kybwa4a,1,primary,58206720000.0
35090,0.6151273250579834,,4532053,4kybwa4a,1,primary,58389760000.0
35200,0.5974783301353455,,4532053,4kybwa4a,1,primary,58572800000.0
35310,0.5944841504096985,,4532053,4kybwa4a,1,primary,58755840000.0
35420,0.5521765947341919,,4532053,4kybwa4a,1,primary,58938880000.0
35530,0.5781971216201782,,4532053,4kybwa4a,1,primary,59121920000.0
35640,0.5970937013626099,,4532053,4kybwa4a,1,primary,59304960000.0
35750,0.54241544008255,,4532053,4kybwa4a,1,primary,59488000000.0
35860,0.5499626994132996,,4532053,4kybwa4a,1,primary,59671040000.0
35970,0.5402898192405701,,4532053,4kybwa4a,1,primary,59854080000.0
36080,0.5943651795387268,,4532053,4kybwa4a,1,primary,60037120000.0
36190,0.5838421583175659,,4532053,4kybwa4a,1,primary,60220160000.0
36300,0.5906217098236084,,4532053,4kybwa4a,1,primary,60403200000.0
36410,0.5956655144691467,,4532053,4kybwa4a,1,primary,60586240000.0
36520,0.5738912224769592,,4532053,4kybwa4a,1,primary,60769280000.0
36600,0.5982379913330078,,4532053,4kybwa4a,1,primary,60902400000.0
36710,0.5397025942802429,,4532053,4kybwa4a,1,primary,61085440000.0
36820,0.5818647742271423,,4532053,4kybwa4a,1,primary,61268480000.0
36930,0.603271484375,,4532053,4kybwa4a,1,primary,61451520000.0
37040,0.561524510383606,,4532053,4kybwa4a,1,primary,61634560000.0
37150,0.54837566614151,,4532053,4kybwa4a,1,primary,61817600000.0
37260,0.5528821349143982,,4532053,4kybwa4a,1,primary,62000640000.0
37370,0.6242159605026245,,4532053,4kybwa4a,1,primary,62183680000.0
37480,0.5870245099067688,,4532053,4kybwa4a,1,primary,62366720000.0
37590,0.57301926612854,,4532053,4kybwa4a,1,primary,62549760000.0
37700,0.5431291460990906,,4532053,4kybwa4a,1,primary,62732800000.0
37810,0.5696700215339661,,4532053,4kybwa4a,1,primary,62915840000.0
37920,0.5490404963493347,,4532053,4kybwa4a,1,primary,63098880000.0
38030,0.5413410067558289,,4532053,4kybwa4a,1,primary,63281920000.0
38140,0.5602823495864868,,4532053,4kybwa4a,1,primary,63464960000.0
38220,0.5614619255065918,,4532053,4kybwa4a,1,primary,63598080000.0
38330,0.5399198532104492,,4532053,4kybwa4a,1,primary,63781120000.0
38440,0.6189455389976501,,4532053,4kybwa4a,1,primary,63964160000.0
38550,0.5228129625320435,,4532053,4kybwa4a,1,primary,64147200000.0
38660,0.5540837645530701,,4532053,4kybwa4a,1,primary,64330240000.0
38770,0.5445908308029175,,4532053,4kybwa4a,1,primary,64513280000.0
38880,0.550970733165741,,4532053,4kybwa4a,1,primary,64696320000.0
38990,0.5424637794494629,,4532053,4kybwa4a,1,primary,64879360000.0
39100,0.5947042107582092,,4532053,4kybwa4a,1,primary,65062400000.0
39210,0.5495513677597046,,4532053,4kybwa4a,1,primary,65245440000.0
39320,0.6058721542358398,,4532053,4kybwa4a,1,primary,65428480000.0
39430,0.5276554822921753,,4532053,4kybwa4a,1,primary,65611520000.0
39540,0.5719636082649231,,4532053,4kybwa4a,1,primary,65794560000.0
39650,0.5627772808074951,,4532053,4kybwa4a,1,primary,65977600000.0
39760,0.5517942309379578,,4532053,4kybwa4a,1,primary,66160640000.0
39840,0.5705949068069458,,4532053,4kybwa4a,1,primary,66293760000.0
39950,0.5741397142410278,,4532053,4kybwa4a,1,primary,66476800000.0
40060,0.5798541903495789,,4532053,4kybwa4a,1,primary,66659840000.0
40170,0.5394114851951599,,4532053,4kybwa4a,1,primary,66842880000.0
40280,0.5587746500968933,,4532053,4kybwa4a,1,primary,67025920000.0
40390,0.5422785878181458,,4532053,4kybwa4a,1,primary,67208960000.0
40500,0.5348727107048035,,4532053,4kybwa4a,1,primary,67392000000.0
40610,0.563103973865509,,4532053,4kybwa4a,1,primary,67575040000.0
40720,0.5725229978561401,,4532053,4kybwa4a,1,primary,67758080000.0
40830,0.6107969284057617,,4532053,4kybwa4a,1,primary,67941120000.0
40940,0.5793039202690125,,4532053,4kybwa4a,1,primary,68124160000.0
41050,0.5424844026565552,,4532053,4kybwa4a,1,primary,68307200000.0
41160,0.5369539260864258,,4532053,4kybwa4a,1,primary,68490240000.0
41270,0.5597269535064697,,4532053,4kybwa4a,1,primary,68673280000.0
41380,0.5738617181777954,,4532053,4kybwa4a,1,primary,68856320000.0
41470,0.5965141654014587,,4532053,4kybwa4a,1,primary,69006080000.0
41580,0.5630283355712891,,4532053,4kybwa4a,1,primary,69189120000.0
41690,0.5402330160140991,,4532053,4kybwa4a,1,primary,69372160000.0
41800,0.5385395288467407,,4532053,4kybwa4a,1,primary,69555200000.0
41910,0.5537366271018982,,4532053,4kybwa4a,1,primary,69738240000.0
42020,0.5779091715812683,,4532053,4kybwa4a,1,primary,69921280000.0
42130,0.5547952651977539,,4532053,4kybwa4a,1,primary,70104320000.0
42240,0.5924063324928284,,4532053,4kybwa4a,1,primary,70287360000.0
42350,0.5276516079902649,,4532053,4kybwa4a,1,primary,70470400000.0
42460,0.5664399266242981,,4532053,4kybwa4a,1,primary,70653440000.0
42570,0.587535560131073,,4532053,4kybwa4a,1,primary,70836480000.0
42680,0.5933179259300232,,4532053,4kybwa4a,1,primary,71019520000.0
42790,0.5285837650299072,,4532053,4kybwa4a,1,primary,71202560000.0
42900,0.5293169617652893,,4532053,4kybwa4a,1,primary,71385600000.0
43010,0.5540131330490112,,4532053,4kybwa4a,1,primary,71568640000.0
43100,0.5521240234375,,4532053,4kybwa4a,1,primary,71718400000.0
43210,0.5550437569618225,,4532053,4kybwa4a,1,primary,71901440000.0
43320,0.5741755366325378,,4532053,4kybwa4a,1,primary,72084480000.0
43430,0.5448758006095886,,4532053,4kybwa4a,1,primary,72267520000.0
43540,0.5682565569877625,,4532053,4kybwa4a,1,primary,72450560000.0
43650,0.5145576000213623,,4532053,4kybwa4a,1,primary,72633600000.0
43760,0.5857285261154175,,4532053,4kybwa4a,1,primary,72816640000.0
43820,0.585652232170105,,4532053,4kybwa4a,1,primary,72916480000.0
43870,0.5475040674209595,,4532053,4kybwa4a,1,primary,72999680000.0
43980,0.5450811386108398,,4532053,4kybwa4a,1,primary,73182720000.0
44090,0.5218861103057861,,4532053,4kybwa4a,1,primary,73365760000.0
44200,0.5285879373550415,,4532053,4kybwa4a,1,primary,73548800000.0
44310,0.5345115661621094,,4532053,4kybwa4a,1,primary,73731840000.0
44420,0.6223772168159485,,4532053,4kybwa4a,1,primary,73914880000.0
44530,0.5618726015090942,,4532053,4kybwa4a,1,primary,74097920000.0
44550,0.5502192378044128,,4532053,4kybwa4a,1,primary,74131200000.0
44560,0.5748229622840881,,4532053,4kybwa4a,1,primary,74147840000.0
44570,0.5627171397209167,,4535368,bcayb0hh,2,primary,74164480000.0
44660,0.5471134185791016,,4535368,bcayb0hh,2,primary,74314240000.0
44750,0.5592198371887207,,4535368,bcayb0hh,2,primary,74464000000.0
44840,0.5363282561302185,,4535368,bcayb0hh,2,primary,74613760000.0
44900,0.5840693712234497,,4535368,bcayb0hh,2,primary,74713600000.0
44990,0.5756175518035889,,4535368,bcayb0hh,2,primary,74863360000.0
45080,0.5557504296302795,,4535368,bcayb0hh,2,primary,75013120000.0
45170,0.5412859916687012,,4535368,bcayb0hh,2,primary,75162880000.0
45260,0.5837278366088867,,4535368,bcayb0hh,2,primary,75312640000.0
45350,0.54510897397995,,4535368,bcayb0hh,2,primary,75462400000.0
45440,0.5588046908378601,,4535368,bcayb0hh,2,primary,75612160000.0
45530,0.6184461116790771,,4535368,bcayb0hh,2,primary,75761920000.0
45620,0.5781368017196655,,4535368,bcayb0hh,2,primary,75911680000.0
45710,0.4899003207683563,,4535368,bcayb0hh,2,primary,76061440000.0
45800,0.5541526079177856,,4535368,bcayb0hh,2,primary,76211200000.0
45890,0.49974527955055237,,4535368,bcayb0hh,2,primary,76360960000.0
45980,0.5531613826751709,,4535368,bcayb0hh,2,primary,76510720000.0
46070,0.5564749240875244,,4535368,bcayb0hh,2,primary,76660480000.0
46160,0.5483896732330322,,4535368,bcayb0hh,2,primary,76810240000.0
46230,0.5124699473381042,,4535368,bcayb0hh,2,primary,76926720000.0
46320,0.5652846097946167,,4535368,bcayb0hh,2,primary,77076480000.0
46410,0.5636118054389954,,4535368,bcayb0hh,2,primary,77226240000.0
46500,0.5699675679206848,,4535368,bcayb0hh,2,primary,77376000000.0
46590,0.5445119738578796,,4535368,bcayb0hh,2,primary,77525760000.0
46680,0.583417534828186,,4535368,bcayb0hh,2,primary,77675520000.0
46770,0.5241479277610779,,4535368,bcayb0hh,2,primary,77825280000.0
46860,0.5820305347442627,,4535368,bcayb0hh,2,primary,77975040000.0
46950,0.5836085677146912,,4535368,bcayb0hh,2,primary,78124800000.0
47040,0.5556290745735168,,4535368,bcayb0hh,2,primary,78274560000.0
47130,0.5462110042572021,,4535368,bcayb0hh,2,primary,78424320000.0
47220,0.5156278610229492,,4535368,bcayb0hh,2,primary,78574080000.0
47310,0.5731465220451355,,4535368,bcayb0hh,2,primary,78723840000.0
47400,0.5324850082397461,,4535368,bcayb0hh,2,primary,78873600000.0
47490,0.5843966603279114,,4535368,bcayb0hh,2,primary,79023360000.0
47550,0.6307433247566223,,4535368,bcayb0hh,2,primary,79123200000.0
47640,0.513255774974823,,4535368,bcayb0hh,2,primary,79272960000.0
47730,0.5604609847068787,,4535368,bcayb0hh,2,primary,79422720000.0
47820,0.5429149866104126,,4535368,bcayb0hh,2,primary,79572480000.0
47910,0.6010897755622864,,4535368,bcayb0hh,2,primary,79722240000.0
48000,0.5369486212730408,,4535368,bcayb0hh,2,primary,79872000000.0
48090,0.5642651915550232,,4535368,bcayb0hh,2,primary,80021760000.0
48180,0.5389390587806702,,4535368,bcayb0hh,2,primary,80171520000.0
48270,0.629459798336029,,4535368,bcayb0hh,2,primary,80321280000.0
48360,0.5011788010597229,,4535368,bcayb0hh,2,primary,80471040000.0
48450,0.5007079839706421,,4535368,bcayb0hh,2,primary,80620800000.0
48540,0.5377032160758972,,4535368,bcayb0hh,2,primary,80770560000.0
48630,0.5325693488121033,,4535368,bcayb0hh,2,primary,80920320000.0
48720,0.5565091371536255,,4535368,bcayb0hh,2,primary,81070080000.0
48810,0.6142435073852539,,4535368,bcayb0hh,2,primary,81219840000.0
48880,0.5622623562812805,,4535368,bcayb0hh,2,primary,81336320000.0
48970,0.549531877040863,,4535368,bcayb0hh,2,primary,81486080000.0
49060,0.6165708899497986,,4535368,bcayb0hh,2,primary,81635840000.0
49150,0.5652531385421753,,4535368,bcayb0hh,2,primary,81785600000.0
49240,0.5855740904808044,,4535368,bcayb0hh,2,primary,81935360000.0
49330,0.5575904846191406,,4535368,bcayb0hh,2,primary,82085120000.0
49420,0.5542832612991333,,4535368,bcayb0hh,2,primary,82234880000.0
49510,0.5717751383781433,,4535368,bcayb0hh,2,primary,82384640000.0
49600,0.5437047481536865,,4535368,bcayb0hh,2,primary,82534400000.0
49690,0.5800113677978516,,4535368,bcayb0hh,2,primary,82684160000.0
49780,0.5438511967658997,,4535368,bcayb0hh,2,primary,82833920000.0
49870,0.5883954763412476,,4535368,bcayb0hh,2,primary,82983680000.0
49960,0.5456398129463196,,4535368,bcayb0hh,2,primary,83133440000.0
50050,0.5505548119544983,,4535368,bcayb0hh,2,primary,83283200000.0
50140,0.5692421793937683,,4535368,bcayb0hh,2,primary,83432960000.0
50210,0.5395594835281372,,4535368,bcayb0hh,2,primary,83549440000.0
50300,0.5062548518180847,,4535368,bcayb0hh,2,primary,83699200000.0
50390,0.5674238204956055,,4535368,bcayb0hh,2,primary,83848960000.0
50480,0.6007614731788635,,4535368,bcayb0hh,2,primary,83998720000.0
50570,0.5850778222084045,,4535368,bcayb0hh,2,primary,84148480000.0
50660,0.5655888915061951,,4535368,bcayb0hh,2,primary,84298240000.0
50750,0.5761520266532898,,4535368,bcayb0hh,2,primary,84448000000.0
50840,0.5180673003196716,,4535368,bcayb0hh,2,primary,84597760000.0
50930,0.5721771717071533,,4535368,bcayb0hh,2,primary,84747520000.0
51020,0.5273128747940063,,4535368,bcayb0hh,2,primary,84897280000.0
51110,0.5594354867935181,,4535368,bcayb0hh,2,primary,85047040000.0
51200,0.6058406233787537,,4535368,bcayb0hh,2,primary,85196800000.0
51290,0.5793876051902771,,4535368,bcayb0hh,2,primary,85346560000.0
51380,0.5271777510643005,,4535368,bcayb0hh,2,primary,85496320000.0
51470,0.5722061395645142,,4535368,bcayb0hh,2,primary,85646080000.0
51530,0.5438866019248962,,4535368,bcayb0hh,2,primary,85745920000.0
51620,0.526155412197113,,4535368,bcayb0hh,2,primary,85895680000.0
51710,0.5557432174682617,,4535368,bcayb0hh,2,primary,86045440000.0
51800,0.5799595713615417,,4535368,bcayb0hh,2,primary,86195200000.0
51890,0.5622091889381409,,4535368,bcayb0hh,2,primary,86344960000.0
51980,0.5225527286529541,,4535368,bcayb0hh,2,primary,86494720000.0
52070,0.5520719885826111,,4535368,bcayb0hh,2,primary,86644480000.0
52160,0.603350818157196,,4535368,bcayb0hh,2,primary,86794240000.0
52250,0.5571096539497375,,4535368,bcayb0hh,2,primary,86944000000.0
52340,0.5319679975509644,,4535368,bcayb0hh,2,primary,87093760000.0
52430,0.5598496198654175,,4535368,bcayb0hh,2,primary,87243520000.0
52520,0.6012747883796692,,4535368,bcayb0hh,2,primary,87393280000.0
52610,0.5878764390945435,,4535368,bcayb0hh,2,primary,87543040000.0
52700,0.5620303153991699,,4535368,bcayb0hh,2,primary,87692800000.0
52790,0.5601121783256531,,4535368,bcayb0hh,2,primary,87842560000.0
52850,0.5635005831718445,,4535368,bcayb0hh,2,primary,87942400000.0
52940,0.552280604839325,,4535368,bcayb0hh,2,primary,88092160000.0
53030,0.5314571857452393,,4535368,bcayb0hh,2,primary,88241920000.0
53120,0.5301305651664734,,4535368,bcayb0hh,2,primary,88391680000.0
53210,0.5536139607429504,,4535368,bcayb0hh,2,primary,88541440000.0
53300,0.5605297684669495,,4535368,bcayb0hh,2,primary,88691200000.0
53390,0.5891708731651306,,4535368,bcayb0hh,2,primary,88840960000.0
53480,0.5561017990112305,,4535368,bcayb0hh,2,primary,88990720000.0
53570,0.5580689311027527,,4535368,bcayb0hh,2,primary,89140480000.0
53660,0.5767726898193359,,4535368,bcayb0hh,2,primary,89290240000.0
53750,0.5635285973548889,,4535368,bcayb0hh,2,primary,89440000000.0
53840,0.5830379724502563,,4535368,bcayb0hh,2,primary,89589760000.0
53930,0.5443176627159119,,4535368,bcayb0hh,2,primary,89739520000.0
54020,0.5670636296272278,,4535368,bcayb0hh,2,primary,89889280000.0
54110,0.564906120300293,,4535368,bcayb0hh,2,primary,90039040000.0
54170,0.5571624636650085,,4535368,bcayb0hh,2,primary,90138880000.0
54260,0.6099759340286255,,4535368,bcayb0hh,2,primary,90288640000.0
54350,0.5435056686401367,,4535368,bcayb0hh,2,primary,90438400000.0
54440,0.5326547622680664,,4535368,bcayb0hh,2,primary,90588160000.0
54530,0.5485436916351318,,4535368,bcayb0hh,2,primary,90737920000.0
54620,0.5497162342071533,,4535368,bcayb0hh,2,primary,90887680000.0
54710,0.5359420776367188,,4535368,bcayb0hh,2,primary,91037440000.0
54800,0.5756787061691284,,4535368,bcayb0hh,2,primary,91187200000.0
54890,0.5728141069412231,,4535368,bcayb0hh,2,primary,91336960000.0
54980,0.550377368927002,,4535368,bcayb0hh,2,primary,91486720000.0
55070,0.5406498908996582,,4535368,bcayb0hh,2,primary,91636480000.0
55160,0.5521935820579529,,4535368,bcayb0hh,2,primary,91786240000.0
55250,0.5788020491600037,,4535368,bcayb0hh,2,primary,91936000000.0
55340,0.5580055117607117,,4535368,bcayb0hh,2,primary,92085760000.0
55430,0.566477358341217,,4535368,bcayb0hh,2,primary,92235520000.0
55480,0.5784911513328552,,4535368,bcayb0hh,2,primary,92318720000.0
55580,0.5918199419975281,,4535368,bcayb0hh,2,primary,92485120000.0
55670,0.579495370388031,,4535368,bcayb0hh,2,primary,92634880000.0
55760,0.5373965501785278,,4535368,bcayb0hh,2,primary,92784640000.0
55850,0.5295839905738831,,4535368,bcayb0hh,2,primary,92934400000.0
55940,0.5323171019554138,,4535368,bcayb0hh,2,primary,93084160000.0
56030,0.5526595711708069,,4535368,bcayb0hh,2,primary,93233920000.0
56120,0.5578899383544922,,4535368,bcayb0hh,2,primary,93383680000.0
56210,0.6015211939811707,,4535368,bcayb0hh,2,primary,93533440000.0
56300,0.5728510022163391,,4535368,bcayb0hh,2,primary,93683200000.0
56390,0.5455622673034668,,4535368,bcayb0hh,2,primary,93832960000.0
56480,0.5332657098770142,,4535368,bcayb0hh,2,primary,93982720000.0
56570,0.6020079255104065,,4535368,bcayb0hh,2,primary,94132480000.0
56660,0.5436078310012817,,4535368,bcayb0hh,2,primary,94282240000.0
56750,0.5540769100189209,,4535368,bcayb0hh,2,primary,94432000000.0
56800,0.5778305530548096,,4535368,bcayb0hh,2,primary,94515200000.0
56890,0.5704554915428162,,4535368,bcayb0hh,2,primary,94664960000.0
56980,0.5407102108001709,,4535368,bcayb0hh,2,primary,94814720000.0
57070,0.5834800004959106,,4535368,bcayb0hh,2,primary,94964480000.0
57160,0.5239427089691162,,4535368,bcayb0hh,2,primary,95114240000.0
57250,0.5443340539932251,,4535368,bcayb0hh,2,primary,95264000000.0
57340,0.5655393600463867,,4535368,bcayb0hh,2,primary,95413760000.0
57430,0.5883159041404724,,4535368,bcayb0hh,2,primary,95563520000.0
57520,0.5350554585456848,,4535368,bcayb0hh,2,primary,95713280000.0
57610,0.560385525226593,,4535368,bcayb0hh,2,primary,95863040000.0
57700,0.5521857142448425,,4535368,bcayb0hh,2,primary,96012800000.0
57790,0.5150632858276367,,4535368,bcayb0hh,2,primary,96162560000.0
57880,0.5667581558227539,,4535368,bcayb0hh,2,primary,96312320000.0
57970,0.5231006145477295,,4535368,bcayb0hh,2,primary,96462080000.0
58060,0.5645126700401306,,4535368,bcayb0hh,2,primary,96611840000.0
58110,0.6045379638671875,,4535368,bcayb0hh,2,primary,96695040000.0
58200,0.5683481693267822,,4535368,bcayb0hh,2,primary,96844800000.0
58290,0.5644299387931824,,4535368,bcayb0hh,2,primary,96994560000.0
58380,0.5814844965934753,,4535368,bcayb0hh,2,primary,97144320000.0
58470,0.5631960034370422,,4535368,bcayb0hh,2,primary,97294080000.0
58560,0.5580007433891296,,4535368,bcayb0hh,2,primary,97443840000.0
58650,0.5600817203521729,,4535368,bcayb0hh,2,primary,97593600000.0
58740,0.5375919342041016,,4535368,bcayb0hh,2,primary,97743360000.0
58830,0.4994290769100189,,4535368,bcayb0hh,2,primary,97893120000.0
58920,0.555869996547699,,4535368,bcayb0hh,2,primary,98042880000.0
59010,0.5565627813339233,,4535368,bcayb0hh,2,primary,98192640000.0
59100,0.5738838315010071,,4535368,bcayb0hh,2,primary,98342400000.0
59190,0.5433456301689148,,4535368,bcayb0hh,2,primary,98492160000.0
59280,0.5523445010185242,,4535368,bcayb0hh,2,primary,98641920000.0
59370,0.5339649319648743,,4535368,bcayb0hh,2,primary,98791680000.0
59430,0.5434341430664062,,4535368,bcayb0hh,2,primary,98891520000.0
59520,0.5441246032714844,,4535368,bcayb0hh,2,primary,99041280000.0
59610,0.5556738972663879,,4535368,bcayb0hh,2,primary,99191040000.0
59700,0.549630343914032,,4535368,bcayb0hh,2,primary,99340800000.0
59790,0.5702601075172424,,4535368,bcayb0hh,2,primary,99490560000.0
59880,0.561679482460022,,4535368,bcayb0hh,2,primary,99640320000.0
59970,0.4933036267757416,,4535368,bcayb0hh,2,primary,99790080000.0
60060,0.5535978674888611,,4535368,bcayb0hh,2,primary,99939840000.0
60150,0.5692064166069031,,4535368,bcayb0hh,2,primary,100089600000.0
60240,0.5458521246910095,,4535368,bcayb0hh,2,primary,100239360000.0
60330,0.5497071146965027,,4535368,bcayb0hh,2,primary,100389120000.0
60420,0.5201742053031921,,4535368,bcayb0hh,2,primary,100538880000.0
60510,0.5942944884300232,,4535368,bcayb0hh,2,primary,100688640000.0
60600,0.550673246383667,,4535368,bcayb0hh,2,primary,100838400000.0
60690,0.5554235577583313,,4535368,bcayb0hh,2,primary,100988160000.0
60740,0.5412535667419434,,4535368,bcayb0hh,2,primary,101071360000.0
60840,0.5425992608070374,,4535368,bcayb0hh,2,primary,101237760000.0
60930,0.5165725946426392,,4535368,bcayb0hh,2,primary,101387520000.0
61020,0.5483568906784058,,4535368,bcayb0hh,2,primary,101537280000.0
61110,0.5231888890266418,,4535368,bcayb0hh,2,primary,101687040000.0
61200,0.5424981117248535,,4535368,bcayb0hh,2,primary,101836800000.0
61290,0.5465654134750366,,4535368,bcayb0hh,2,primary,101986560000.0
61380,0.5393544435501099,,4535368,bcayb0hh,2,primary,102136320000.0
61470,0.604523241519928,,4535368,bcayb0hh,2,primary,102286080000.0
61560,0.5401023030281067,,4535368,bcayb0hh,2,primary,102435840000.0
61650,0.5482901334762573,,4535368,bcayb0hh,2,primary,102585600000.0
61740,0.5609144568443298,,4535368,bcayb0hh,2,primary,102735360000.0
61830,0.5176650881767273,,4535368,bcayb0hh,2,primary,102885120000.0
61920,0.5676092505455017,,4535368,bcayb0hh,2,primary,103034880000.0
62010,0.5675811171531677,,4535368,bcayb0hh,2,primary,103184640000.0
62050,0.5538564920425415,,4535368,bcayb0hh,2,primary,103251200000.0
62150,0.5615193247795105,,4535368,bcayb0hh,2,primary,103417600000.0
62240,0.5502535700798035,,4535368,bcayb0hh,2,primary,103567360000.0
62330,0.527635395526886,,4535368,bcayb0hh,2,primary,103717120000.0
62420,0.5400117635726929,,4535368,bcayb0hh,2,primary,103866880000.0
62510,0.5194047689437866,,4535368,bcayb0hh,2,primary,104016640000.0
62600,0.5921458601951599,,4535368,bcayb0hh,2,primary,104166400000.0
62690,0.5664277076721191,,4535368,bcayb0hh,2,primary,104316160000.0
62780,0.536454975605011,,4535368,bcayb0hh,2,primary,104465920000.0
62870,0.5863037705421448,,4535368,bcayb0hh,2,primary,104615680000.0
62960,0.5472407341003418,,4535368,bcayb0hh,2,primary,104765440000.0
63050,0.5480539202690125,,4535368,bcayb0hh,2,primary,104915200000.0
63140,0.5242101550102234,,4535368,bcayb0hh,2,primary,105064960000.0
63230,0.5493901371955872,,4535368,bcayb0hh,2,primary,105214720000.0
63320,0.550604522228241,,4535368,bcayb0hh,2,primary,105364480000.0
63360,0.541551411151886,,4535368,bcayb0hh,2,primary,105431040000.0
63450,0.523028552532196,,4535368,bcayb0hh,2,primary,105580800000.0
63540,0.5172111392021179,,4535368,bcayb0hh,2,primary,105730560000.0
63630,0.5579833984375,,4535368,bcayb0hh,2,primary,105880320000.0
63720,0.5673355460166931,,4535368,bcayb0hh,2,primary,106030080000.0
63810,0.5420058965682983,,4535368,bcayb0hh,2,primary,106179840000.0
63900,0.5502051115036011,,4535368,bcayb0hh,2,primary,106329600000.0
63990,0.5699002146720886,,4535368,bcayb0hh,2,primary,106479360000.0
64080,0.5363925099372864,,4535368,bcayb0hh,2,primary,106629120000.0
64170,0.5921036601066589,,4535368,bcayb0hh,2,primary,106778880000.0
64260,0.560835063457489,,4535368,bcayb0hh,2,primary,106928640000.0
64350,0.571988582611084,,4535368,bcayb0hh,2,primary,107078400000.0
64440,0.5467463135719299,,4535368,bcayb0hh,2,primary,107228160000.0
64530,0.5554758906364441,,4535368,bcayb0hh,2,primary,107377920000.0
64620,0.537649929523468,,4535368,bcayb0hh,2,primary,107527680000.0
64670,0.5352215766906738,,4535368,bcayb0hh,2,primary,107610880000.0
64760,0.5692824125289917,,4535368,bcayb0hh,2,primary,107760640000.0
64850,0.5233636498451233,,4535368,bcayb0hh,2,primary,107910400000.0
64940,0.5829324126243591,,4535368,bcayb0hh,2,primary,108060160000.0
65030,0.5507141947746277,,4535368,bcayb0hh,2,primary,108209920000.0
65120,0.5628854632377625,,4535368,bcayb0hh,2,primary,108359680000.0
65210,0.5500847697257996,,4535368,bcayb0hh,2,primary,108509440000.0
65300,0.5433653593063354,,4535368,bcayb0hh,2,primary,108659200000.0
65390,0.5687812566757202,,4535368,bcayb0hh,2,primary,108808960000.0
65480,0.6030394434928894,,4535368,bcayb0hh,2,primary,108958720000.0
65570,0.5725948214530945,,4535368,bcayb0hh,2,primary,109108480000.0
65660,0.5090174674987793,,4535368,bcayb0hh,2,primary,109258240000.0
65750,0.5503031611442566,,4535368,bcayb0hh,2,primary,109408000000.0
65840,0.5164155960083008,,4535368,bcayb0hh,2,primary,109557760000.0
65930,0.5344001650810242,,4535368,bcayb0hh,2,primary,109707520000.0
65990,0.5431979894638062,,4535368,bcayb0hh,2,primary,109807360000.0
66080,0.5752138495445251,,4535368,bcayb0hh,2,primary,109957120000.0
66170,0.5270130038261414,,4535368,bcayb0hh,2,primary,110106880000.0
66260,0.5492846965789795,,4535368,bcayb0hh,2,primary,110256640000.0
66350,0.5493473410606384,,4535368,bcayb0hh,2,primary,110406400000.0
66440,0.5481860041618347,,4535368,bcayb0hh,2,primary,110556160000.0
66530,0.5601152777671814,,4535368,bcayb0hh,2,primary,110705920000.0
66620,0.5847168564796448,,4535368,bcayb0hh,2,primary,110855680000.0
66710,0.5676116347312927,,4535368,bcayb0hh,2,primary,111005440000.0
66800,0.5671157240867615,,4535368,bcayb0hh,2,primary,111155200000.0
66890,0.5889020562171936,,4535368,bcayb0hh,2,primary,111304960000.0
66980,0.5882517695426941,,4535368,bcayb0hh,2,primary,111454720000.0
67070,0.5709049105644226,,4535368,bcayb0hh,2,primary,111604480000.0
67160,0.5464655160903931,,4535368,bcayb0hh,2,primary,111754240000.0
67250,0.5419773459434509,,4535368,bcayb0hh,2,primary,111904000000.0
67310,0.5776277780532837,,4535368,bcayb0hh,2,primary,112003840000.0
67400,0.5310220122337341,,4535368,bcayb0hh,2,primary,112153600000.0
67490,0.5721873641014099,,4535368,bcayb0hh,2,primary,112303360000.0
67580,0.5933355689048767,,4535368,bcayb0hh,2,primary,112453120000.0
67670,0.5229949355125427,,4535368,bcayb0hh,2,primary,112602880000.0
67760,0.5707977414131165,,4535368,bcayb0hh,2,primary,112752640000.0
67850,0.5410097241401672,,4535368,bcayb0hh,2,primary,112902400000.0
67940,0.5636115670204163,,4535368,bcayb0hh,2,primary,113052160000.0
68030,0.5873497128486633,,4535368,bcayb0hh,2,primary,113201920000.0
68120,0.5547940135002136,,4535368,bcayb0hh,2,primary,113351680000.0
68210,0.5286675095558167,,4535368,bcayb0hh,2,primary,113501440000.0
68300,0.531715452671051,,4535368,bcayb0hh,2,primary,113651200000.0
68390,0.5255721211433411,,4535368,bcayb0hh,2,primary,113800960000.0
68480,0.54501873254776,,4535368,bcayb0hh,2,primary,113950720000.0
68570,0.6031016707420349,,4535368,bcayb0hh,2,primary,114100480000.0
68630,0.5296334028244019,,4535368,bcayb0hh,2,primary,114200320000.0
68720,0.5320946574211121,,4535368,bcayb0hh,2,primary,114350080000.0
68810,0.5202197432518005,,4535368,bcayb0hh,2,primary,114499840000.0
68870,0.5816522836685181,,4535368,bcayb0hh,2,primary,114599680000.0
68880,0.5386319160461426,,4538470,87udtbe4,3,attempt,114616320000.0
68980,0.5332497358322144,,4538470,87udtbe4,3,attempt,114782720000.0
69070,0.5610150694847107,,4538470,87udtbe4,3,attempt,114932480000.0
69160,0.5760340094566345,,4538470,87udtbe4,3,attempt,115082240000.0
68880,0.5386492609977722,,4538716,qi3vuzfr,4,attempt,114616320000.0
68980,0.533096194267273,,4538716,qi3vuzfr,4,attempt,114782720000.0
69070,0.5610578060150146,,4538716,qi3vuzfr,4,attempt,114932480000.0
68880,0.5386278629302979,,4538985,dwp0n5h2,5,attempt,114616320000.0
68980,0.533263087272644,,4538985,dwp0n5h2,5,attempt,114782720000.0
69080,0.5810495615005493,,4538985,dwp0n5h2,5,attempt,114949120000.0
69180,0.5445067286491394,,4538985,dwp0n5h2,5,attempt,115115520000.0
68880,0.538648247718811,,4539329,doekqiq4,6,attempt,114616320000.0
68980,0.5326906442642212,,4539329,doekqiq4,6,attempt,114782720000.0
69080,0.5809372663497925,,4539329,doekqiq4,6,attempt,114949120000.0
69170,0.567085325717926,,4539329,doekqiq4,6,attempt,115098880000.0
68880,0.5386490225791931,,4539624,1puubh2r,7,attempt,114616320000.0
68980,0.5330653190612793,,4539624,1puubh2r,7,attempt,114782720000.0
69080,0.5804764628410339,,4539624,1puubh2r,7,attempt,114949120000.0
69180,0.5450463891029358,,4539624,1puubh2r,7,attempt,115115520000.0
68880,0.5386421084403992,,4539988,1e5wz772,8,primary,114616320000.0
68980,0.533115029335022,,4539988,1e5wz772,8,primary,114782720000.0
69070,0.560843288898468,,4539988,1e5wz772,8,primary,114932480000.0
69160,0.5766879916191101,,4539988,1e5wz772,8,primary,115082240000.0
69230,0.5485925674438477,,4539988,1e5wz772,8,primary,115198720000.0
69330,0.5818422436714172,,4539988,1e5wz772,8,primary,115365120000.0
69420,0.5590366721153259,,4539988,1e5wz772,8,primary,115514880000.0
69520,0.5226752161979675,,4539988,1e5wz772,8,primary,115681280000.0
69620,0.5691406726837158,,4539988,1e5wz772,8,primary,115847680000.0
69710,0.5656313896179199,,4539988,1e5wz772,8,primary,115997440000.0
69800,0.5557120442390442,,4539988,1e5wz772,8,primary,116147200000.0
69900,0.5493044257164001,,4539988,1e5wz772,8,primary,116313600000.0
70000,0.542834460735321,,4539988,1e5wz772,8,primary,116480000000.0
70100,0.5700520873069763,,4539988,1e5wz772,8,primary,116646400000.0
70190,0.5827214121818542,,4539988,1e5wz772,8,primary,116796160000.0
70280,0.5497500896453857,,4539988,1e5wz772,8,primary,116945920000.0
70370,0.5133957266807556,,4539988,1e5wz772,8,primary,117095680000.0
70460,0.5676447749137878,,4539988,1e5wz772,8,primary,117245440000.0
70550,0.5177039504051208,,4539988,1e5wz772,8,primary,117395200000.0
70570,0.5651353001594543,,4539988,1e5wz772,8,primary,117428480000.0
70660,0.5262674689292908,,4539988,1e5wz772,8,primary,117578240000.0
70750,0.5413879752159119,,4539988,1e5wz772,8,primary,117728000000.0
70840,0.5829868316650391,,4539988,1e5wz772,8,primary,117877760000.0
70930,0.5370497703552246,,4539988,1e5wz772,8,primary,118027520000.0
71020,0.5283048748970032,,4539988,1e5wz772,8,primary,118177280000.0
71110,0.5831066966056824,,4539988,1e5wz772,8,primary,118327040000.0
71200,0.5731728672981262,,4539988,1e5wz772,8,primary,118476800000.0
71290,0.547926127910614,,4539988,1e5wz772,8,primary,118626560000.0
71380,0.5522346496582031,,4539988,1e5wz772,8,primary,118776320000.0
71470,0.5351918935775757,,4539988,1e5wz772,8,primary,118926080000.0
71560,0.5735178589820862,,4539988,1e5wz772,8,primary,119075840000.0
71650,0.544014573097229,,4539988,1e5wz772,8,primary,119225600000.0
71740,0.5197338461875916,,4539988,1e5wz772,8,primary,119375360000.0
71830,0.5421508550643921,,4539988,1e5wz772,8,primary,119525120000.0
71900,0.5083360075950623,,4539988,1e5wz772,8,primary,119641600000.0
72000,0.5803086161613464,,4539988,1e5wz772,8,primary,119808000000.0
72090,0.5212973952293396,,4539988,1e5wz772,8,primary,119957760000.0
72180,0.5386848449707031,,4539988,1e5wz772,8,primary,120107520000.0
72270,0.5470625162124634,,4539988,1e5wz772,8,primary,120257280000.0
72360,0.5665654540061951,,4539988,1e5wz772,8,primary,120407040000.0
72450,0.5330476760864258,,4539988,1e5wz772,8,primary,120556800000.0
72540,0.5934790372848511,,4539988,1e5wz772,8,primary,120706560000.0
72630,0.5492762923240662,,4539988,1e5wz772,8,primary,120856320000.0
72730,0.5192900896072388,,4539988,1e5wz772,8,primary,121022720000.0
72820,0.5761858820915222,,4539988,1e5wz772,8,primary,121172480000.0
72910,0.547379195690155,,4539988,1e5wz772,8,primary,121322240000.0
73000,0.5540139079093933,,4539988,1e5wz772,8,primary,121472000000.0
73100,0.5750429034233093,,4539988,1e5wz772,8,primary,121638400000.0
73190,0.5151130557060242,,4539988,1e5wz772,8,primary,121788160000.0
73240,0.5788483619689941,,4539988,1e5wz772,8,primary,121871360000.0
73340,0.5626422762870789,,4539988,1e5wz772,8,primary,122037760000.0
73430,0.5629904866218567,,4539988,1e5wz772,8,primary,122187520000.0
73520,0.5444818735122681,,4539988,1e5wz772,8,primary,122337280000.0
73610,0.515619695186615,,4539988,1e5wz772,8,primary,122487040000.0
73710,0.5404008030891418,,4539988,1e5wz772,8,primary,122653440000.0
73800,0.5208572745323181,,4539988,1e5wz772,8,primary,122803200000.0
73890,0.5724143385887146,,4539988,1e5wz772,8,primary,122952960000.0
73990,0.5451690554618835,,4539988,1e5wz772,8,primary,123119360000.0
74080,0.530674159526825,,4539988,1e5wz772,8,primary,123269120000.0
74170,0.5629150867462158,,4539988,1e5wz772,8,primary,123418880000.0
74260,0.5643708109855652,,4539988,1e5wz772,8,primary,123568640000.0
74350,0.5637809038162231,,4539988,1e5wz772,8,primary,123718400000.0
74440,0.5609589219093323,,4539988,1e5wz772,8,primary,123868160000.0
74530,0.5449388027191162,,4539988,1e5wz772,8,primary,124017920000.0
74580,0.564275324344635,,4539988,1e5wz772,8,primary,124101120000.0
74680,0.5940130352973938,,4539988,1e5wz772,8,primary,124267520000.0
74770,0.5571560263633728,,4539988,1e5wz772,8,primary,124417280000.0
74860,0.5067799091339111,,4539988,1e5wz772,8,primary,124567040000.0
74950,0.5681490898132324,,4539988,1e5wz772,8,primary,124716800000.0
75040,0.5738943815231323,,4539988,1e5wz772,8,primary,124866560000.0
75130,0.5304271578788757,,4539988,1e5wz772,8,primary,125016320000.0
75220,0.5585898756980896,,4539988,1e5wz772,8,primary,125166080000.0
75310,0.5534179210662842,,4539988,1e5wz772,8,primary,125315840000.0
75400,0.5191764235496521,,4539988,1e5wz772,8,primary,125465600000.0
75490,0.5961123704910278,,4539988,1e5wz772,8,primary,125615360000.0
75580,0.513333797454834,,4539988,1e5wz772,8,primary,125765120000.0
75670,0.5818614363670349,,4539988,1e5wz772,8,primary,125914880000.0
75760,0.5502104759216309,,4539988,1e5wz772,8,primary,126064640000.0
75850,0.5201618671417236,,4539988,1e5wz772,8,primary,126214400000.0
75900,0.5617991089820862,,4539988,1e5wz772,8,primary,126297600000.0
75990,0.5668298006057739,,4539988,1e5wz772,8,primary,126447360000.0
76080,0.5494970679283142,,4539988,1e5wz772,8,primary,126597120000.0
76170,0.5410263538360596,,4539988,1e5wz772,8,primary,126746880000.0
76260,0.5839298367500305,,4539988,1e5wz772,8,primary,126896640000.0
76350,0.5722134709358215,,4539988,1e5wz772,8,primary,127046400000.0
76440,0.5491093993186951,,4539988,1e5wz772,8,primary,127196160000.0
76530,0.5354511141777039,,4539988,1e5wz772,8,primary,127345920000.0
76620,0.5143335461616516,,4539988,1e5wz772,8,primary,127495680000.0
76710,0.5343278050422668,,4539988,1e5wz772,8,primary,127645440000.0
76800,0.5044690370559692,,4539988,1e5wz772,8,primary,127795200000.0
76890,0.5434945225715637,,4539988,1e5wz772,8,primary,127944960000.0
76980,0.530430793762207,,4539988,1e5wz772,8,primary,128094720000.0
77070,0.5951048731803894,,4539988,1e5wz772,8,primary,128244480000.0
77160,0.5856248736381531,,4539988,1e5wz772,8,primary,128394240000.0
77230,0.5292099118232727,,4539988,1e5wz772,8,primary,128510720000.0
77330,0.4947766959667206,,4539988,1e5wz772,8,primary,128677120000.0
77420,0.5449203848838806,,4539988,1e5wz772,8,primary,128826880000.0
77510,0.5715035796165466,,4539988,1e5wz772,8,primary,128976640000.0
77600,0.5628700852394104,,4539988,1e5wz772,8,primary,129126400000.0
77690,0.5424634218215942,,4539988,1e5wz772,8,primary,129276160000.0
77790,0.5436870455741882,,4539988,1e5wz772,8,primary,129442560000.0
77880,0.5568183660507202,,4539988,1e5wz772,8,primary,129592320000.0
77970,0.5392003655433655,,4539988,1e5wz772,8,primary,129742080000.0
78060,0.5014933347702026,,4539988,1e5wz772,8,primary,129891840000.0
78150,0.5740218758583069,,4539988,1e5wz772,8,primary,130041600000.0
78240,0.5575608611106873,,4539988,1e5wz772,8,primary,130191360000.0
78330,0.5880506038665771,,4539988,1e5wz772,8,primary,130341120000.0
78420,0.5766914486885071,,4539988,1e5wz772,8,primary,130490880000.0
78510,0.52224200963974,,4539988,1e5wz772,8,primary,130640640000.0
78560,0.5665943026542664,,4539988,1e5wz772,8,primary,130723840000.0
78660,0.5744562745094299,,4539988,1e5wz772,8,primary,130890240000.0
78750,0.5333430767059326,,4539988,1e5wz772,8,primary,131040000000.0
78840,0.5597776770591736,,4539988,1e5wz772,8,primary,131189760000.0
78930,0.5855710506439209,,4539988,1e5wz772,8,primary,131339520000.0
79020,0.5487212538719177,,4539988,1e5wz772,8,primary,131489280000.0
79110,0.5773312449455261,,4539988,1e5wz772,8,primary,131639040000.0
79200,0.5706620812416077,,4539988,1e5wz772,8,primary,131788800000.0
79290,0.558529794216156,,4539988,1e5wz772,8,primary,131938560000.0
79380,0.5606511831283569,,4539988,1e5wz772,8,primary,132088320000.0
79470,0.5730237364768982,,4539988,1e5wz772,8,primary,132238080000.0
79560,0.588456928730011,,4539988,1e5wz772,8,primary,132387840000.0
79650,0.5661873817443848,,4539988,1e5wz772,8,primary,132537600000.0
79740,0.5594065189361572,,4539988,1e5wz772,8,primary,132687360000.0
79830,0.524165153503418,,4539988,1e5wz772,8,primary,132837120000.0
79890,0.5730311274528503,,4539988,1e5wz772,8,primary,132936960000.0
79980,0.514702558517456,,4539988,1e5wz772,8,primary,133086720000.0
80070,0.5545138716697693,,4539988,1e5wz772,8,primary,133236480000.0
80160,0.574062168598175,,4539988,1e5wz772,8,primary,133386240000.0
80250,0.5398420691490173,,4539988,1e5wz772,8,primary,133536000000.0
80340,0.4948694407939911,,4539988,1e5wz772,8,primary,133685760000.0
80430,0.5576829314231873,,4539988,1e5wz772,8,primary,133835520000.0
80520,0.5647751688957214,,4539988,1e5wz772,8,primary,133985280000.0
80610,0.5739260911941528,,4539988,1e5wz772,8,primary,134135040000.0
80700,0.5196349024772644,,4539988,1e5wz772,8,primary,134284800000.0
80790,0.5445723533630371,,4539988,1e5wz772,8,primary,134434560000.0
80880,0.5274474620819092,,4539988,1e5wz772,8,primary,134584320000.0
80970,0.5530902743339539,,4539988,1e5wz772,8,primary,134734080000.0
81060,0.5122483968734741,,4539988,1e5wz772,8,primary,134883840000.0
81150,0.5423251986503601,,4539988,1e5wz772,8,primary,135033600000.0
81220,0.5562710762023926,,4539988,1e5wz772,8,primary,135150080000.0
81310,0.5713213682174683,,4539988,1e5wz772,8,primary,135299840000.0
81400,0.5354520678520203,,4539988,1e5wz772,8,primary,135449600000.0
81490,0.5746364593505859,,4539988,1e5wz772,8,primary,135599360000.0
81580,0.5565237998962402,,4539988,1e5wz772,8,primary,135749120000.0
81670,0.5417796969413757,,4539988,1e5wz772,8,primary,135898880000.0
81760,0.5256052017211914,,4539988,1e5wz772,8,primary,136048640000.0
81850,0.5615988969802856,,4539988,1e5wz772,8,primary,136198400000.0
81940,0.5374800562858582,,4539988,1e5wz772,8,primary,136348160000.0
82030,0.5644997358322144,,4539988,1e5wz772,8,primary,136497920000.0
82120,0.5343077778816223,,4539988,1e5wz772,8,primary,136647680000.0
82210,0.569216251373291,,4539988,1e5wz772,8,primary,136797440000.0
82300,0.5346136689186096,,4539988,1e5wz772,8,primary,136947200000.0
82390,0.5359495878219604,,4539988,1e5wz772,8,primary,137096960000.0
82480,0.5588385462760925,,4539988,1e5wz772,8,primary,137246720000.0
82550,0.5417748093605042,,4539988,1e5wz772,8,primary,137363200000.0
82650,0.543599545955658,,4539988,1e5wz772,8,primary,137529600000.0
82740,0.5708195567131042,,4539988,1e5wz772,8,primary,137679360000.0
82830,0.5509750247001648,,4539988,1e5wz772,8,primary,137829120000.0
82920,0.5297341346740723,,4539988,1e5wz772,8,primary,137978880000.0
83010,0.5292626619338989,,4539988,1e5wz772,8,primary,138128640000.0
83100,0.5528510212898254,,4539988,1e5wz772,8,primary,138278400000.0
83190,0.552237331867218,,4539988,1e5wz772,8,primary,138428160000.0
83280,0.5818051695823669,,4539988,1e5wz772,8,primary,138577920000.0
83370,0.5582818984985352,,4539988,1e5wz772,8,primary,138727680000.0
83460,0.5943955183029175,,4539988,1e5wz772,8,primary,138877440000.0
83550,0.5357145667076111,,4539988,1e5wz772,8,primary,139027200000.0
83650,0.5601608753204346,,4539988,1e5wz772,8,primary,139193600000.0
83740,0.5204747915267944,,4539988,1e5wz772,8,primary,139343360000.0
83830,0.5209117531776428,,4539988,1e5wz772,8,primary,139493120000.0
83890,0.5669474005699158,,4539988,1e5wz772,8,primary,139592960000.0
83980,0.5128144025802612,,4539988,1e5wz772,8,primary,139742720000.0
84070,0.5444651246070862,,4539988,1e5wz772,8,primary,139892480000.0
84160,0.5839878916740417,,4539988,1e5wz772,8,primary,140042240000.0
84250,0.5447854995727539,,4539988,1e5wz772,8,primary,140192000000.0
84340,0.5281901955604553,,4539988,1e5wz772,8,primary,140341760000.0
84430,0.553259551525116,,4539988,1e5wz772,8,primary,140491520000.0
84520,0.5482814908027649,,4539988,1e5wz772,8,primary,140641280000.0
84610,0.5502815246582031,,4539988,1e5wz772,8,primary,140791040000.0
84700,0.5204160213470459,,4539988,1e5wz772,8,primary,140940800000.0
84790,0.5598368048667908,,4539988,1e5wz772,8,primary,141090560000.0
84890,0.5342867970466614,,4539988,1e5wz772,8,primary,141256960000.0
84980,0.5464368462562561,,4539988,1e5wz772,8,primary,141406720000.0
85070,0.5726448893547058,,4539988,1e5wz772,8,primary,141556480000.0
85160,0.5284408926963806,,4539988,1e5wz772,8,primary,141706240000.0
85220,0.5518054962158203,,4539988,1e5wz772,8,primary,141806080000.0
85310,0.5334399938583374,,4539988,1e5wz772,8,primary,141955840000.0
85400,0.528551459312439,,4539988,1e5wz772,8,primary,142105600000.0
85490,0.5197648406028748,,4539988,1e5wz772,8,primary,142255360000.0
85580,0.5619980692863464,,4539988,1e5wz772,8,primary,142405120000.0
85670,0.5320238471031189,,4539988,1e5wz772,8,primary,142554880000.0
85760,0.5347685217857361,,4539988,1e5wz772,8,primary,142704640000.0
85850,0.6017901301383972,,4539988,1e5wz772,8,primary,142854400000.0
85940,0.5718895196914673,,4539988,1e5wz772,8,primary,143004160000.0
86030,0.5272328853607178,,4539988,1e5wz772,8,primary,143153920000.0
86120,0.5270028114318848,,4539988,1e5wz772,8,primary,143303680000.0
86210,0.5845405459403992,,4539988,1e5wz772,8,primary,143453440000.0
86300,0.5399125218391418,,4539988,1e5wz772,8,primary,143603200000.0
86400,0.5447494387626648,,4539988,1e5wz772,8,primary,143769600000.0
86490,0.5734433531761169,,4539988,1e5wz772,8,primary,143919360000.0
86540,0.5498957633972168,,4539988,1e5wz772,8,primary,144002560000.0
86640,0.5547937750816345,,4539988,1e5wz772,8,primary,144168960000.0
86730,0.5494993329048157,,4539988,1e5wz772,8,primary,144318720000.0
86820,0.5172058343887329,,4539988,1e5wz772,8,primary,144468480000.0
86910,0.5733920931816101,,4539988,1e5wz772,8,primary,144618240000.0
87000,0.5675355792045593,,4539988,1e5wz772,8,primary,144768000000.0
87100,0.5341708660125732,,4539988,1e5wz772,8,primary,144934400000.0
87190,0.5879432559013367,,4539988,1e5wz772,8,primary,145084160000.0
87280,0.5568439960479736,,4539988,1e5wz772,8,primary,145233920000.0
87370,0.5533279776573181,,4539988,1e5wz772,8,primary,145383680000.0
87470,0.5299342274665833,,4539988,1e5wz772,8,primary,145550080000.0
87560,0.5180022716522217,,4539988,1e5wz772,8,primary,145699840000.0
87650,0.5488850474357605,,4539988,1e5wz772,8,primary,145849600000.0
87740,0.5533278584480286,,4539988,1e5wz772,8,primary,145999360000.0
87830,0.5499235987663269,,4539988,1e5wz772,8,primary,146149120000.0
87880,0.5339578986167908,,4539988,1e5wz772,8,primary,146232320000.0
87980,0.5684264302253723,,4539988,1e5wz772,8,primary,146398720000.0
88070,0.5393444895744324,,4539988,1e5wz772,8,primary,146548480000.0
88160,0.5332604646682739,,4539988,1e5wz772,8,primary,146698240000.0
88250,0.5250598788261414,,4539988,1e5wz772,8,primary,146848000000.0
88340,0.5398929119110107,,4539988,1e5wz772,8,primary,146997760000.0
88430,0.5731138586997986,,4539988,1e5wz772,8,primary,147147520000.0
88520,0.5399770140647888,,4539988,1e5wz772,8,primary,147297280000.0
88610,0.5499755144119263,,4539988,1e5wz772,8,primary,147447040000.0
88700,0.509390652179718,,4539988,1e5wz772,8,primary,147596800000.0
88790,0.5468264222145081,,4539988,1e5wz772,8,primary,147746560000.0
88880,0.5703427195549011,,4539988,1e5wz772,8,primary,147896320000.0
88970,0.5319394469261169,,4539988,1e5wz772,8,primary,148046080000.0
89060,0.5498522520065308,,4539988,1e5wz772,8,primary,148195840000.0
89150,0.5343084931373596,,4539988,1e5wz772,8,primary,148345600000.0
89210,0.5314300656318665,,4539988,1e5wz772,8,primary,148445440000.0
89310,0.5287675261497498,,4539988,1e5wz772,8,primary,148611840000.0
89400,0.5351243019104004,,4539988,1e5wz772,8,primary,148761600000.0
89490,0.5683925747871399,,4539988,1e5wz772,8,primary,148911360000.0
89580,0.5347408056259155,,4539988,1e5wz772,8,primary,149061120000.0
89670,0.5661771297454834,,4539988,1e5wz772,8,primary,149210880000.0
89760,0.600679337978363,,4539988,1e5wz772,8,primary,149360640000.0
89850,0.5662164092063904,,4539988,1e5wz772,8,primary,149510400000.0
89940,0.527179479598999,,4539988,1e5wz772,8,primary,149660160000.0
90030,0.5616438984870911,,4539988,1e5wz772,8,primary,149809920000.0
90120,0.5509113669395447,,4539988,1e5wz772,8,primary,149959680000.0
90210,0.5370065569877625,,4539988,1e5wz772,8,primary,150109440000.0
90300,0.5460092425346375,,4539988,1e5wz772,8,primary,150259200000.0
90390,0.5685574412345886,,4539988,1e5wz772,8,primary,150408960000.0
90480,0.5739834308624268,,4539988,1e5wz772,8,primary,150558720000.0
90540,0.5275783538818359,,4539988,1e5wz772,8,primary,150658560000.0
90640,0.5694841742515564,,4539988,1e5wz772,8,primary,150824960000.0
90730,0.5514866709709167,,4539988,1e5wz772,8,primary,150974720000.0
90820,0.5462034940719604,,4539988,1e5wz772,8,primary,151124480000.0
90910,0.5487626194953918,,4539988,1e5wz772,8,primary,151274240000.0
91000,0.5633298754692078,,4539988,1e5wz772,8,primary,151424000000.0
91090,0.5589122176170349,,4539988,1e5wz772,8,primary,151573760000.0
91180,0.536564290523529,,4539988,1e5wz772,8,primary,151723520000.0
91270,0.5611605644226074,,4539988,1e5wz772,8,primary,151873280000.0
91360,0.5527039766311646,,4539988,1e5wz772,8,primary,152023040000.0
91460,0.5504493117332458,,4539988,1e5wz772,8,primary,152189440000.0
91550,0.5707601308822632,,4539988,1e5wz772,8,primary,152339200000.0
91640,0.5780594348907471,,4539988,1e5wz772,8,primary,152488960000.0
91730,0.5286806225776672,,4539988,1e5wz772,8,primary,152638720000.0
91830,0.5697495937347412,,4539988,1e5wz772,8,primary,152805120000.0
91880,0.5150914788246155,,4539988,1e5wz772,8,primary,152888320000.0
91980,0.5469232797622681,,4539988,1e5wz772,8,primary,153054720000.0
92070,0.5169874429702759,,4539988,1e5wz772,8,primary,153204480000.0
92160,0.5634727478027344,,4539988,1e5wz772,8,primary,153354240000.0
92250,0.556610643863678,,4539988,1e5wz772,8,primary,153504000000.0
92340,0.5734692811965942,,4539988,1e5wz772,8,primary,153653760000.0
92430,0.5127861499786377,,4539988,1e5wz772,8,primary,153803520000.0
92520,0.5139769315719604,,4539988,1e5wz772,8,primary,153953280000.0
92610,0.5576509237289429,,4539988,1e5wz772,8,primary,154103040000.0
92700,0.5639877915382385,,4539988,1e5wz772,8,primary,154252800000.0
92790,0.5838858485221863,,4539988,1e5wz772,8,primary,154402560000.0
92880,0.5708999633789062,,4539988,1e5wz772,8,primary,154552320000.0
92970,0.5662235617637634,,4539988,1e5wz772,8,primary,154702080000.0
93060,0.5910386443138123,,4539988,1e5wz772,8,primary,154851840000.0
93150,0.5587058067321777,,4539988,1e5wz772,8,primary,155001600000.0
93200,0.5424267649650574,,4539988,1e5wz772,8,primary,155084800000.0
93290,0.5543583035469055,,4539988,1e5wz772,8,primary,155234560000.0
93380,0.5340415239334106,,4539988,1e5wz772,8,primary,155384320000.0
93470,0.5517867803573608,,4539988,1e5wz772,8,primary,155534080000.0
93480,0.5277532935142517,,4544776,6rx93808,9,primary,155550720000.0
93580,0.5640975832939148,,4544776,6rx93808,9,primary,155717120000.0
93680,0.5259873270988464,,4544776,6rx93808,9,primary,155883520000.0
93780,0.541325032711029,,4544776,6rx93808,9,primary,156049920000.0
93480,0.5277556777000427,,4545392,8drsgc25,10,primary,155550720000.0
93570,0.5234816074371338,,4545392,8drsgc25,10,primary,155700480000.0
93670,0.5506685972213745,,4545392,8drsgc25,10,primary,155866880000.0
93770,0.55317622423172,,4545392,8drsgc25,10,primary,156033280000.0
93480,0.5277555584907532,,4546050,39c5tia4,11,primary,155550720000.0
93580,0.5643202662467957,,4546050,39c5tia4,11,primary,155717120000.0
93680,0.5260447859764099,,4546050,39c5tia4,11,primary,155883520000.0
93780,0.5409311056137085,,4546050,39c5tia4,11,primary,156049920000.0
93480,0.5277547836303711,,4546625,ng17ypbj,12,primary,155550720000.0
93570,0.5235945582389832,,4546625,ng17ypbj,12,primary,155700480000.0
93670,0.5504086017608643,,4546625,ng17ypbj,12,primary,155866880000.0
93770,0.5530373454093933,,4546625,ng17ypbj,12,primary,156033280000.0
93830,0.5405591726303101,,4546625,ng17ypbj,12,primary,156133120000.0
93930,0.5559782981872559,,4546625,ng17ypbj,12,primary,156299520000.0
94030,0.5296182036399841,,4546625,ng17ypbj,12,primary,156465920000.0
94130,0.5663388967514038,,4546625,ng17ypbj,12,primary,156632320000.0
94220,0.5395199656486511,,4546625,ng17ypbj,12,primary,156782080000.0
94310,0.5444700121879578,,4546625,ng17ypbj,12,primary,156931840000.0
94410,0.5867362022399902,,4546625,ng17ypbj,12,primary,157098240000.0
94510,0.48238229751586914,,4546625,ng17ypbj,12,primary,157264640000.0
94600,0.5429950952529907,,4546625,ng17ypbj,12,primary,157414400000.0
94700,0.5471461415290833,,4546625,ng17ypbj,12,primary,157580800000.0
94790,0.5373232960700989,,4546625,ng17ypbj,12,primary,157730560000.0
94890,0.5846324563026428,,4546625,ng17ypbj,12,primary,157896960000.0
94990,0.539590060710907,,4546625,ng17ypbj,12,primary,158063360000.0
95080,0.5198860168457031,,4546625,ng17ypbj,12,primary,158213120000.0
95180,0.5446994304656982,,4546625,ng17ypbj,12,primary,158379520000.0
95190,0.5166404843330383,,4546625,ng17ypbj,12,primary,158396160000.0
95290,0.5077671408653259,,4546625,ng17ypbj,12,primary,158562560000.0
95380,0.5473057627677917,,4546625,ng17ypbj,12,primary,158712320000.0
95470,0.5588639974594116,,4546625,ng17ypbj,12,primary,158862080000.0
95560,0.5357282757759094,,4546625,ng17ypbj,12,primary,159011840000.0
95660,0.5538633465766907,,4546625,ng17ypbj,12,primary,159178240000.0
95750,0.5535736083984375,,4546625,ng17ypbj,12,primary,159328000000.0
95850,0.5653254389762878,,4546625,ng17ypbj,12,primary,159494400000.0
95940,0.511833131313324,,4546625,ng17ypbj,12,primary,159644160000.0
96030,0.5230740904808044,,4546625,ng17ypbj,12,primary,159793920000.0
96120,0.534843385219574,,4546625,ng17ypbj,12,primary,159943680000.0
96220,0.507038414478302,,4546625,ng17ypbj,12,primary,160110080000.0
96310,0.5594214797019958,,4546625,ng17ypbj,12,primary,160259840000.0
96400,0.5097055435180664,,4546625,ng17ypbj,12,primary,160409600000.0
96490,0.5378860235214233,,4546625,ng17ypbj,12,primary,160559360000.0
96540,0.547001302242279,,4546625,ng17ypbj,12,primary,160642560000.0
96640,0.562617838382721,,4546625,ng17ypbj,12,primary,160808960000.0
96740,0.5727164149284363,,4546625,ng17ypbj,12,primary,160975360000.0
96840,0.5712215900421143,,4546625,ng17ypbj,12,primary,161141760000.0
96930,0.552306592464447,,4546625,ng17ypbj,12,primary,161291520000.0
97020,0.5903159976005554,,4546625,ng17ypbj,12,primary,161441280000.0
97120,0.5128415822982788,,4546625,ng17ypbj,12,primary,161607680000.0
97210,0.5331580638885498,,4546625,ng17ypbj,12,primary,161757440000.0
97310,0.49964839220046997,,4546625,ng17ypbj,12,primary,161923840000.0
97400,0.5514426231384277,,4546625,ng17ypbj,12,primary,162073600000.0
97490,0.5621427297592163,,4546625,ng17ypbj,12,primary,162223360000.0
97590,0.5507513880729675,,4546625,ng17ypbj,12,primary,162389760000.0
97680,0.5217363834381104,,4546625,ng17ypbj,12,primary,162539520000.0
97780,0.5179679989814758,,4546625,ng17ypbj,12,primary,162705920000.0
97870,0.5510454177856445,,4546625,ng17ypbj,12,primary,162855680000.0
97900,0.5621848106384277,,4546625,ng17ypbj,12,primary,162905600000.0
98000,0.5790280699729919,,4546625,ng17ypbj,12,primary,163072000000.0
98100,0.52962726354599,,4546625,ng17ypbj,12,primary,163238400000.0
98190,0.5266774296760559,,4546625,ng17ypbj,12,primary,163388160000.0
98290,0.5284809470176697,,4546625,ng17ypbj,12,primary,163554560000.0
98380,0.5495258569717407,,4546625,ng17ypbj,12,primary,163704320000.0
98480,0.5029630661010742,,4546625,ng17ypbj,12,primary,163870720000.0
98570,0.5173905491828918,,4546625,ng17ypbj,12,primary,164020480000.0
98670,0.5453385710716248,,4546625,ng17ypbj,12,primary,164186880000.0
98760,0.5498857498168945,,4546625,ng17ypbj,12,primary,164336640000.0
98860,0.5399311184883118,,4546625,ng17ypbj,12,primary,164503040000.0
98960,0.5578891634941101,,4546625,ng17ypbj,12,primary,164669440000.0
99050,0.5462564826011658,,4546625,ng17ypbj,12,primary,164819200000.0
99150,0.5676567554473877,,4546625,ng17ypbj,12,primary,164985600000.0
99240,0.5404011011123657,,4546625,ng17ypbj,12,primary,165135360000.0
99260,0.5590301752090454,,4546625,ng17ypbj,12,primary,165168640000.0
99360,0.5643038153648376,,4546625,ng17ypbj,12,primary,165335040000.0
99450,0.5855615735054016,,4546625,ng17ypbj,12,primary,165484800000.0
99540,0.5547096729278564,,4546625,ng17ypbj,12,primary,165634560000.0
99630,0.5411733984947205,,4546625,ng17ypbj,12,primary,165784320000.0
99730,0.5258647203445435,,4546625,ng17ypbj,12,primary,165950720000.0
99820,0.5339445471763611,,4546625,ng17ypbj,12,primary,166100480000.0
99910,0.540893018245697,,4546625,ng17ypbj,12,primary,166250240000.0
100000,0.5410066843032837,,4546625,ng17ypbj,12,primary,166400000000.0
100090,0.566744327545166,,4546625,ng17ypbj,12,primary,166549760000.0
100180,0.578889012336731,,4546625,ng17ypbj,12,primary,166699520000.0
100270,0.5834251046180725,,4546625,ng17ypbj,12,primary,166849280000.0
100360,0.48446354269981384,,4546625,ng17ypbj,12,primary,166999040000.0
100460,0.5441702008247375,,4546625,ng17ypbj,12,primary,167165440000.0
100550,0.5535338521003723,,4546625,ng17ypbj,12,primary,167315200000.0
100610,0.5640479922294617,,4546625,ng17ypbj,12,primary,167415040000.0
100710,0.5473436117172241,,4546625,ng17ypbj,12,primary,167581440000.0
100800,0.5479090213775635,,4546625,ng17ypbj,12,primary,167731200000.0
100890,0.5330645442008972,,4546625,ng17ypbj,12,primary,167880960000.0
100980,0.5774938464164734,,4546625,ng17ypbj,12,primary,168030720000.0
101070,0.5114907622337341,,4546625,ng17ypbj,12,primary,168180480000.0
101160,0.6677739024162292,,4546625,ng17ypbj,12,primary,168330240000.0
101250,0.5319110751152039,,4546625,ng17ypbj,12,primary,168480000000.0
101340,0.5093011260032654,,4546625,ng17ypbj,12,primary,168629760000.0
101430,0.5437120199203491,,4546625,ng17ypbj,12,primary,168779520000.0
101530,0.5164369940757751,,4546625,ng17ypbj,12,primary,168945920000.0
101630,0.5118646025657654,,4546625,ng17ypbj,12,primary,169112320000.0
101730,0.5339187979698181,,4546625,ng17ypbj,12,primary,169278720000.0
101820,0.5529270172119141,,4546625,ng17ypbj,12,primary,169428480000.0
101910,0.5458994507789612,,4546625,ng17ypbj,12,primary,169578240000.0
101960,0.5580000877380371,,4546625,ng17ypbj,12,primary,169661440000.0
102060,0.5540053248405457,,4546625,ng17ypbj,12,primary,169827840000.0
102150,0.5871718525886536,,4546625,ng17ypbj,12,primary,169977600000.0
102240,0.5762979388237,,4546625,ng17ypbj,12,primary,170127360000.0
102330,0.545789361000061,,4546625,ng17ypbj,12,primary,170277120000.0
102430,0.5524463057518005,,4546625,ng17ypbj,12,primary,170443520000.0
102520,0.5562136173248291,,4546625,ng17ypbj,12,primary,170593280000.0
102610,0.5285739302635193,,4546625,ng17ypbj,12,primary,170743040000.0
102700,0.53533935546875,,4546625,ng17ypbj,12,primary,170892800000.0
102790,0.5726029276847839,,4546625,ng17ypbj,12,primary,171042560000.0
102880,0.5785335898399353,,4546625,ng17ypbj,12,primary,171192320000.0
102980,0.5352926850318909,,4546625,ng17ypbj,12,primary,171358720000.0
103070,0.5344036817550659,,4546625,ng17ypbj,12,primary,171508480000.0
103170,0.5479074716567993,,4546625,ng17ypbj,12,primary,171674880000.0
103270,0.5284048318862915,,4546625,ng17ypbj,12,primary,171841280000.0
103310,0.5305325388908386,,4546625,ng17ypbj,12,primary,171907840000.0
103410,0.5536078810691833,,4546625,ng17ypbj,12,primary,172074240000.0
103500,0.5391727089881897,,4546625,ng17ypbj,12,primary,172224000000.0
103590,0.5514695048332214,,4546625,ng17ypbj,12,primary,172373760000.0
103690,0.5608453750610352,,4546625,ng17ypbj,12,primary,172540160000.0
